# x_mm,y_mm  (origin at cylinder centre, x downstream, y up)
# Shock-front trace for the no-field case, digitised from the vector paths of fig_mhd_structure.pdf panel (a)
# (calibrated on the R = 38 mm cylinder outline and the 20 mm scale bar).
-66.250,36.256
-67.216,33.512
-68.114,30.683
-68.895,27.836
-69.701,24.341
-70.814,18.314
-71.245,15.469
-71.454,13.890
-71.713,11.679
-72.152,6.948
-72.265,4.736
-72.309,2.525
-72.300,-2.525
-72.227,-4.102
-72.377,-4.744
-72.439,-5.383
-72.413,-6.017
-72.300,-6.643
-72.098,-7.260
-71.809,-7.865
-71.434,-8.454
-70.971,-9.028
-70.423,-9.584
-69.789,-10.119
-69.439,-10.378
-67.538,-11.302
-65.626,-12.164
-63.705,-12.961
-61.778,-13.696
-59.843,-14.367
-54.491,-16.141
-53.416,-16.586
-52.795,-16.900
-52.270,-17.237
-51.822,-17.592
-51.450,-17.967
-51.138,-18.360
-50.760,-18.978
-50.574,-19.414
-50.298,-20.322
-49.192,-24.259
-48.655,-25.870
-48.066,-27.472
-47.337,-29.293
-44.661,-35.526
-44.394,-36.085
